[
    {
        "title": "кпукпукпу",
        "category_id": "2",
        "text": "укпукпукукпукп",
        "id": 0
    },
    {
        "title": "ZSDgS",
        "category_id": "3",
        "text": "vbvvvvvvv",
        "isPrivate": "on",
        "id": 1
    },
    {
        "title": "sedfgasergawe",
        "category_id": "2",
        "text": "asdgbaerghaer",
        "isPrivate": "on",
        "id": 2
    },
    {
        "title": "test1",
        "category_id": "1",
        "text": "sport",
        "id": 3
    },
    {
        "title": "спорт 2",
        "category_id": "1",
        "text": "джигурда",
        "isPrivate": "on",
        "id": 4
    }
]
