[
    {
        "title": "waefwe",
        "category_id": "1",
        "text": "aqweregqawe",
        "is_private": true,
        "id": 0
    },
    {
        "title": "eeerrr",
        "category_id": "2",
        "text": "errgberber",
        "is_private": false,
        "id": 1
    },
    {
        "title": "errgb errtb3",
        "category_id": "3",
        "text": "rtbrt4 3 t34g34rg 34",
        "is_private": true,
        "id": 2
    },
    {
        "title": "wwww",
        "category_id": "2",
        "text": "wvrvrtv3wr",
        "is_private": true,
        "id": 3
    },
    {
        "title": "wwww",
        "category_id": "2",
        "text": "wvrvrtv3wr",
        "is_private": true,
        "id": 4
    }
]
